id,title,pubDate
"4292","大V的“文字狱”","2025-12-01"
"4282","高情商德育课","2025-05-31"
"4268","如何唤醒孩子的自驱力​​","2025-05-30"
"4244","年终总结 2024","2024-12-31"
"4234","娃儿班上的家长把班主任气走了","2024-11-20"
"4202","被 DDoS 了","2024-05-16"
"4180","用多邻国学习英语 1000 天","2024-01-12"
"4164","年终总结2023","2023-12-31"
"4114","年终总结2022","2022-12-29"
"4091","“朋友圈可修改可见范围”是微信怕没人发朋友圈","2022-08-24"
"4062","入司一年记","2022-05-23"
"4029","年终总结2021","2021-12-22"
"4024","小程序是不是应该淘汰了？","2021-11-30"
"3989","鹅厂，再见了~","2021-04-30"
"3974","年终总结2020","2020-12-22"
"3959","鸡蛋灌饼","2020-08-13"
"3949","安装WP-China-Yes让Wordpress更新","2020-04-08"
"3945","《道门法则》读后感","2020-02-08"
"3940","年终总结2019","2019-12-30"
"3919","张小龙演讲全文：如何把产品做简单","2019-10-18"
"3912","庆祝中华人民共和国成立70周年","2019-09-30"
"3895","VS Code Remote 远程开发配置","2019-07-03"
"3887","新闻，只关注热点就够了","2019-05-16"
"3879","HTML 声明语言的 lang=""zh-cmn-Hans"" 2009年就被淘汰了","2019-04-29"
"3866","王者荣耀英雄胜率变化榜","2019-03-04"
"3817","2018年终总结","2018-12-29"
"3807","社会责任","2018-11-09"
"3797","最近经济不景气啊","2018-09-13"
"3772","数据库用上了腾讯云","2018-04-19"
"3768","互联网+戾气","2018-04-12"
"3763","思辨能力与表达技术","2018-03-22"
"3753","狼人杀记录器","2018-02-13"
"3721","WordPress 使用 v2ray 代理","2017-12-11"
"3712","宝塔面板使用腾讯云COS备份","2017-12-08"
"3687","网站上了CDN","2017-12-05"
"3680","参加老罗手机发布会","2017-11-08"
"3677","联通老卡换腾讯大王卡","2017-10-27"
"3666","王者荣耀上分秘籍","2017-08-24"
"3648","知乎应该开分基地","2017-05-23"
"3644","坚果Pro不错，老罗加油(ง •̀_•́)ง","2017-05-22"
"3630","前端架构的设计与进化","2017-03-21"
"3614","年终总结2016","2016-12-27"
"3545","【腾讯云的1001种玩法】如何使用腾讯云做博客","2016-11-24"
"3543","我的iPhone 6 Plus突然关机","2016-11-23"
"3528","每逢九月九，想念毛主席！","2016-09-09"
"3482","网站升级日志0525","2016-06-08"
"3508","GFWListToSurgeRule.js","2016-06-02"
"3465","HTTPS站引用腾讯公益404","2016-04-20"
"3394","Chrome显示中文系字体之不同","2016-01-06"
"3387","年终总结2015","2015-12-15"
"3380","网站开启SSL","2015-11-27"
"3334","广告杀手(S3)","2015-10-16"
"3348","Wordpress开启AMP加速网站打开速度","2015-10-12"
"3230","WP开发初体会","2015-07-15"
"3263","Firefighting(S1)上架","2015-06-25"
"3275","wp_commentmeta清空最好","2015-06-24"
"3249","Apple客服不错","2015-05-07"
"3243","MAC中命令行运行Visual Studio Code","2015-05-04"
"3233","Vultr比DigitalOcean要快","2015-04-15"
"3221","viewport","2015-03-16"
"3192","移动H5前端性能优化指南","2015-01-23"
"3168","ナルト ファイナルカウントダウン！","2014-10-11"
"3104","Chrome38版本无法显示微软雅黑问题之解决","2014-10-10"
"3099","切换网站到DigitalOcean了","2014-10-09"
"3092","JAVA基础","2014-09-30"
"3034","商战模拟","2014-09-20"
"3019","一边打码一边看片","2014-08-31"
"3013","老罗对质自如","2014-08-28"
"3009","欢迎赞助本站","2014-08-15"
"2977","是男人坚持20秒","2014-05-30"
"2946","HTML5游戏前端开发秘籍","2014-04-29"
"2938","My MAC APP","2014-04-10"
"2929","Flappy Bird 成绩生成器","2014-02-11"
"2921","《我编程，我快乐：程序员职业规划之道》","2014-01-22"
"2912","年终总结2013","2013-12-31"
"2902","手机中的页面","2013-12-19"
"2895","CSS动画","2013-12-18"
"2891","行进记录","2013-12-17"
"2887","我的一些代码片断","2013-12-16"
"2854","锋利的jQuery","2013-11-27"
"2844","跨平台密码管理方案","2013-09-24"
"2842","非产产6","2013-09-11"
"2838","非产产5","2013-08-23"
"2835","非产产4","2013-08-19"
"2831","非产产3","2013-08-09"
"2827","非产产2","2013-08-02"
"2822","非产产1","2013-07-26"
"2782","折腾手机页面","2013-04-17"
"2766","CentOS下配置Node.JS","2013-04-14"
"2748","折腾VPS配置","2013-04-10"
"2739","折腾Linux安装","2013-04-05"
"2704","手机上玩MT和在YY看大秀","2013-03-12"
"2689","过年时玩了《我叫MT online》","2013-02-25"
"2680","初学JavaScript心得","2013-02-01"
"2669","短信故障记","2012-12-26"
"2645","欢迎关注微信机器人：米随随","2012-08-18"
"2635","给MP3添加ID3和专辑封面","2012-08-11"
"2622","最近二三事","2012-07-01"
"2614","本站开启CDN加速","2012-05-20"
"2611","测试微博评论同步回博客，请大家评论或转发，给大家跪了~","2012-05-09"
"2592","应用汇开发者沙龙第七期（成都站）：移动产品设计：产品是如何炼成的？","2012-02-27"
"2586","而立","2012-01-30"
"2574","年终总结2011","2011-12-31"
"2569","WebReBuild.ORG第五届年会——成都[2011.12.10]","2011-12-06"
"2561","功夫成都 – ISUX十二月专场寻觅「前端开发工程师」","2011-11-24"
"2555","再见，深圳","2011-11-19"
"2552","Twitter Weekly Updates for 2011-10-30","2011-10-30"
"2551","Twitter Weekly Updates for 2011-10-23","2011-10-23"
"2550","Twitter Weekly Updates for 2011-10-16","2011-10-16"
"2548","Twitter Weekly Updates for 2011-10-09","2011-10-09"
"2542","再见，乔布斯","2011-10-06"
"2531","抓取豆瓣fm华语频道音乐列表","2011-10-03"
"2530","Twitter Weekly Updates for 2011-10-02","2011-10-02"
"2505","Wubi离线安装Ubuntu","2011-09-14"
"2500","在线调试并共享HTML,CSS,JS","2011-08-18"
"2499","后布尔什维克时代","2011-07-27"
"2496","读《三体》有感","2011-07-26"
"2493","G+知道你是谁！","2011-07-22"
"2491","Ubuntu的Python开发环境配置","2011-07-20"
"2487","听戴志康分享","2011-07-17"
"2482","看了《我在赶集网的两个月》的有什么感想？","2011-07-14"
"2470","今天越狱越了3台iPad2、1台iPhone4","2011-07-06"
"2474","升级到3.2","2011-07-05"
"2467","[转]Chrome team 发起了浏览器兼容性检测工具开源项目","2011-06-13"
"2464","搓","2011-06-10"
"2459","微博客","2011-06-10"
"2446","腾讯ISUX招聘前端开发","2011-05-24"
"2444","烦人的iPhone耳机线，这样把你缠起来","2011-05-14"
"2430","[译]我的iPhone 4干掉了我的数码相机！","2011-05-09"
"2414","为啥HTML5的meta标签中的charset属性不起作用?","2011-04-26"
"2408","为啥你们能看到这篇文章？？？！！！","2011-04-12"
"2400","iPad的Safari中，html5的video标签是挡不住的！！！","2011-04-12"
"2392","-webkit-text-size-adjust","2011-04-11"
"2386","FeedＢurner订阅超500","2011-04-09"
"2375","支持手机访问","2011-04-09"
"2330","换域名至：s5s5.me","2011-04-05"
"2329","换了套类Facebook主题","2011-04-02"
"2325","千万不要装“谋智网络火狐浏览器”","2011-03-24"
"2324","域名出国记","2011-03-21"
"2313","MISUISUI.COM手机客户端Android V1.0发布","2011-03-02"
"2310","静态网页资源的管理和优化","2010-12-17"
"2308","Facebook网站的Ajax化、缓存和流水线","2010-12-13"
"2305","Qzone Team","2010-11-30"
"2301","[转]致广大QQ用户的一封信","2010-11-03"
"2297","[译]BigPipe：高性能的“流水线技术”网页","2010-10-22"
"2287","谷歌浏览器扩展程序：自定义小窗口（DIY Popup）","2010-09-12"
"2286","[译]图片优化 第五章：AlphaImageLoader","2010-08-29"
"2285","GOOGLE二三事","2010-08-13"
"2283","菲律宾五日游","2010-07-03"
"2260","PPT制作攻略","2010-05-28"
"2259","三年","2010-05-18"
"2250","HTML5 ~= HTML + CSS + JS APIs","2010-05-01"
"2257","潜规则——腾讯ISD webteam 2010招聘全面启动","2010-04-30"
"2249","想做外包、想找工作快来看！钱多，活少，速来！！！","2010-04-20"
"2223","换肤&CSS3使用小记","2010-04-18"
"2204","CSS3的动画","2010-03-31"
"2188","CSS3 HTML5 YSlow孰对孰错","2010-03-31"
"2194","第六期WEB标准化交流会(深圳站)小记","2010-03-28"
"2191","有一种失败叫占领 有一种胜利叫撤退","2010-03-23"
"2174","[译]渐进增强：纯CSS聊天泡泡","2010-03-14"
"2169","WEB标准网速测试FWA Webkit bubbles","2010-03-11"
"2128","3px 360 Web development渲染HTML","2010-02-24"
"2164","折腾","2010-02-23"
"2123","腾讯ISD招聘页面重构工程师","2010-01-18"
"2103","韩寒TED阿凡达Fieldrunners PPT","2010-01-16"
"2113","如何建设高性能网站","2010-01-14"
"2095","IE邮件冲突字符bug Stick","2010-01-10"
"2082","webOS Flash产品经理屠苏","2010-01-03"
"2054","PayEasy职场迎战UrCosme程序员","2009-12-26"
"2029","铁血丹心说说产品经理饮食恶习60秒广告","2009-12-17"
"2021","Google Analytics,Speed Tracer,WordPress,Qzone,Fireworks和Photoshop,PPT","2009-12-10"
"2015","深圳蓝色理想十周年活动","2009-12-07"
"2012","[招聘]12月12日 腾讯深圳现场招聘会","2009-12-07"
"2006","HTTP Headers混排行高不等jQuery真麻烦随感","2009-12-04"
"1997","内牛满面！！！IE9 Flash游戏修改CSS之父IxEdit","2009-11-20"
"1990","Twitter流程图圆角简历夜刊","2009-11-15"
"1983","Facebook做网站模块化JavaScript日韦","2009-11-08"
"1978","Closure谈艺录:明星内幕韩寒我回来了","2009-11-07"
"1972","孔老二讨论Fiddler IP","2009-11-03"
"1970","《CSS那些事儿》","2009-11-01"
"1960","HTML5 cookie前戏Navigation游戏","2009-10-31"
"1955","杯具Flickr面试CSS居中","2009-10-28"
"1948","奴隶窥探女生的典型Extensions之“水”","2009-10-22"
"1940","中国移动MediaTemple兼容腾讯马化腾","2009-10-19"
"1936","终于圆满了，回家","2009-09-24"
"1929","炮轰社会保障Web服务会议的烦恼","2009-09-24"
"1921","世界经理人网站十年最有价值内容收集","2009-09-13"
"1914","Google Talk迭代模式CHANGE CSS Bugs的20大秘密","2009-09-09"
"1906","那时候技术人员编程内部电邮经济学","2009-09-06"
"1900","社会焦虑豆丸程序员周鸿祎极简风格","2009-09-03"
"1886","Facebook CKEditor架构相对URL Flex 和 CSS","2009-08-26"
"1889","CSS 3.0 参考手册 (中文版)","2009-08-25"
"1880","蓝色理想压缩JavaScript CSS bug","2009-08-22"
"1871","Abbreviations:CCTV,VS,QQ,CSS","2009-08-19"
"1858","植物大战僵尸正则三重人格网页更快财报","2009-08-14"
"1868","问题分析与解决","2009-08-13"
"1860","米家庄一百号人的这件事","2009-08-09"
"1849","Web Tools Fiddler2绩效管理，痛苦还是喜悦？","2009-08-07"
"1844","旷世奇书：总结过去10年PNG性能优化点亮QQ图标","2009-08-04"
"1840","做爱团队协作Web标准迁移到Mozilla（18禁）","2009-08-02"
"1834","百度蜘蛛轻舞飞扬PNG优化,淘宝大买家春哥传","2009-07-27"
"1828","程序员HTML5 Reset CSS真实扫黄战","2009-07-21"
"1820","俞军就事論事Google Chrome OS,HTML5,Firebug","2009-07-08"
"1814","Firefox Escaping Collection教你吵架职业生涯","2009-07-04"
"1817","W3C终止XHTML2.0的工作，转向HTML5","2009-07-03"
"1809","好文推荐：工程师与科学家","2009-06-29"
"1804","浏览器支持年轻人CSS3低俗约会","2009-06-29"
"1801","在中国愤而辞职敏捷开发CSS3渲染性能","2009-06-22"
"1788","编写代码三个终极难题:需求与GUI,CSS,HTML5与Flash","2009-06-18"
"1791","上流的添加单点登录(SSO)","2009-06-17"
"1784","激活性能从“较好”到“最好计算难藏奸","2009-06-14"
"1780","一位资深经理人的职业生涯感悟","2009-06-13"
"1774","Win7不捆绑IE，叫我怎么活？","2009-06-13"
"1769","折腾！又换回了国内的空间~","2009-06-03"
"1763","爱情潜伏越狱Firefinder文本换行","2009-05-23"
"1761","来深圳二年啦~","2009-05-18"
"1750","浏览器HTTP Referer体验苹果职场","2009-05-15"
"1753","腾讯ISD Webteam 09实习生招聘 正式启动","2009-05-12"
"1746","敏捷灰色管理职场温情时刻","2009-05-11"
"1741","男女婆媳关系jQuery性能CSS Hack程式碼","2009-05-07"
"1739","帮你做梦","2009-05-02"
"1736","加班人士技术分享YSlow平台战略","2009-05-01"
"1731","猴子坚持松散耦合团队信任","2009-04-25"
"1729","4月26日. 广州广武酒店. 四月腾讯广州专场招聘会","2009-04-20"
"1724","[转]职业价值观测试量表","2009-04-10"
"1716","G20对话E97 Cache reflow","2009-04-04"
"1713","IE8正式版","2009-03-20"
"1707","IE7.南非.敏捷.Fiddler.省略号...","2009-03-10"
"1702","CSS Browser Support (including Safari 4 Beta)","2009-02-25"
"1699","【秘籍】扫雷","2009-02-24"
"1692","说说IE8","2009-02-21"
"1690","高级主管任务队列优先级管理流程","2009-02-15"
"1685","s5s5.cn","2009-02-12"
"1671","2009泡妞教程费洛蒙CSS3制作花絮","2009-02-09"
"1661","李开复GTD颠覆型模仿诺基亚漏洞CSS","2009-02-07"
"1667","回家过年啦，休假啦","2009-01-21"
"1663","欧盟裁决微软捆绑IE违反反垄断法","2009-01-20"
"1650","国足倒霉春运,WordPress优化419","2009-01-18"
"1654","靠！UCWEB看在线视频咋这快？","2009-01-17"
"1643","诺基亚E71年终敏捷团结的力量","2009-01-14"
"1636","Discuz!敏捷開發QQ空间用户体验","2009-01-10"
"1602","返乡农民工李彦宏李一男联袂蚝酒突破GFW","2009-01-08"
"1626","ISD Webteam网站重装上线！","2009-01-05"
"1611","《腾讯十年》纪录片","2009-01-03"
"1604","2008年终总结","2008-12-31"
"1584","2008 Internet Explorer 8 CSS FireUnit 出仓","2008-12-21"
"1592","《Web标准设计》","2008-12-17"
"1577","深圳经典九周年聚会归来","2008-12-14"
"1570","李连杰快速见到黄瓜的七种武器","2008-12-14"
"1552","IE7 UserAgent揭露维多利亚的秘密","2008-12-08"
"1558","推荐两款GUI Championships大赛图标","2008-12-06"
"1545","金融危机下成功Web设计师的月亮","2008-12-05"
"1522","8天产生了4G流量之谜！","2008-11-30"
"1491","改变全球Web发展的第三个里程碑","2008-11-29"
"1477","MOKO!SEO工作效率的精髓揭晓","2008-11-29"
"1483","感谢大家长久以来的包容和照顾，非常感谢！","2008-11-27"
"1468","50 Greatest html Web standards in SNS","2008-11-26"
"1465","这下牛B了，空间都换到米国去了！","2008-11-22"
"1448","记着你真的无师自通产品设计三个关键技巧","2008-11-17"
"1452","高效能人士的七个习惯","2008-11-16"
"1435","如何漫淡十年的秘密报告","2008-11-11"
"1429","I’m 80后陆涛不爱米莱遭遇挑战网格","2008-11-09"
"1416","我用的WordPress插件","2008-11-08"
"1369","改用WordPress了","2008-11-07"
"1354","2008年10月30日","2008-10-31"
"1353","2008年10月27日","2008-10-27"
"1352","2008年10月27日","2008-10-27"
"1351","2008年10月26日","2008-10-26"
"794","[转]美国金融危机的最通俗解释","2008-10-25"
"1349","2008年10月20日","2008-10-20"
"1350","2008年10月18日","2008-10-19"
"793","实况2009，非常好玩，强力推荐","2008-10-17"
"1348","2008年10月15日","2008-10-15"
"1347","2008年10月13日","2008-10-13"
"792","PJBLOG好难改。。。","2008-10-13"
"1346","2008年10月12日","2008-10-12"
"791","腾讯2009校园招聘宣传片","2008-10-10"
"790","十一期间的八大任务","2008-10-06"
"1345","2008年9月29日","2008-09-30"
"1344","2008年9月29日","2008-09-30"
"1343","2008年9月29日","2008-09-29"
"1342","2008年9月28日","2008-09-29"
"1341","2008年9月27日","2008-09-28"
"1340","2008年9月27日","2008-09-27"
"1339","2008年9月27日","2008-09-27"
"1338","2008年9月24日","2008-09-24"
"1337","2008年9月22日","2008-09-23"
"789","十周年运动会","2008-09-22"
"1336","2008年9月18日","2008-09-18"
"783","红蓝游戏","2008-09-13"
"1335","2008年9月11日","2008-09-11"
"1334","2008年9月9日","2008-09-10"
"782","驳《10条影响CSS渲染速度的写法与建议》及相关疑问","2008-09-07"
"781","囧rz人穿囧rz鞋...","2008-09-05"
"1333","2008年9月3日","2008-09-04"
"1332","2008年9月3日","2008-09-04"
"1331","2008年9月3日","2008-09-04"
"1330","2008年9月3日","2008-09-03"
"1329","2008年9月3日","2008-09-03"
"1328","2008年9月1日","2008-09-02"
"780","钢铁IE","2008-09-02"
"1327","2008年8月29日","2008-08-29"
"779","What&#39;s New in Internet Explorer 8","2008-08-29"
"1326","2008年8月29日","2008-08-29"
"1325","2008年8月29日","2008-08-29"
"1324","2008年8月28日","2008-08-28"
"1323","2008年8月27日","2008-08-28"
"778","开心零零幺","2008-08-27"
"1322","2008年8月26日","2008-08-27"
"1321","2008年8月26日","2008-08-27"
"1320","2008年8月23日","2008-08-24"
"777","FireFox中国市场占有率下跌8.6%","2008-08-23"
"1319","2008年8月22日","2008-08-22"
"1318","2008年8月21日","2008-08-21"
"1317","2008年8月21日","2008-08-21"
"1316","2008年8月19日","2008-08-20"
"1315","2008年8月17日","2008-08-18"
"775","改版进行时……","2008-08-18"
"1314","2008年8月17日","2008-08-18"
"1313","2008年8月17日","2008-08-18"
"1312","2008年8月17日","2008-08-18"
"1311","2008年8月17日","2008-08-18"
"1310","2008年8月17日","2008-08-18"
"700","2008 Olympics Opening Ceremony","2008-08-09"
"1309","2008年8月5日","2008-08-05"
"1308","2008年8月5日","2008-08-05"
"699","热烈庆祝1000万访问量的到来！送出公仔一个~[结束]","2008-08-04"
"1307","2008年8月1日","2008-08-01"
"1306","2008年8月1日","2008-08-01"
"1305","2008年7月31日","2008-07-31"
"1304","2008年7月30日","2008-07-31"
"1303","2008年7月29日","2008-07-30"
"1302","2008年7月29日","2008-07-30"
"1301","2008年7月26日","2008-07-26"
"1300","2008年7月26日","2008-07-26"
"1299","2008年7月25日","2008-07-26"
"1298","2008年7月25日","2008-07-26"
"1297","2008年7月25日","2008-07-26"
"1296","2008年7月24日","2008-07-25"
"1295","2008年7月24日","2008-07-24"
"1294","2008年7月23日","2008-07-23"
"1293","2008年7月23日","2008-07-23"
"1292","2008年7月23日","2008-07-23"
"1291","2008年7月22日","2008-07-22"
"1290","2008年7月21日","2008-07-22"
"698","如何驾驭电子邮件","2008-07-19"
"697","哈哈哈~","2008-07-18"
"1289","2008年7月16日","2008-07-16"
"1288","2008年7月16日","2008-07-16"
"1287","2008年7月15日","2008-07-15"
"1286","2008年7月15日","2008-07-15"
"1285","2008年7月14日","2008-07-14"
"1284","2008年7月13日","2008-07-14"
"1283","2008年7月13日","2008-07-13"
"696","创新思维技巧","2008-07-13"
"1282","2008年7月9日","2008-07-09"
"1281","2008年7月3日","2008-07-03"
"695","《糗事》","2008-07-03"
"1280","2008年7月1日","2008-07-01"
"694","[转]什么是职业化","2008-06-29"
"693","JavaScript王者归来","2008-06-27"
"692","大圣教","2008-06-23"
"1279","2008年6月23日","2008-06-23"
"1278","2008年6月22日","2008-06-23"
"691","一边下雨一边唱歌","2008-06-14"
"1277","2008年6月13日","2008-06-13"
"690","3G时代来啦~~~","2008-06-11"
"1276","2008年6月10日","2008-06-10"
"1275","2008年6月10日","2008-06-10"
"1274","2008年6月10日","2008-06-10"
"689","哎~~~","2008-06-09"
"1273","2008年6月6日","2008-06-07"
"1272","2008年6月6日","2008-06-07"
"1271","2008年6月4日","2008-06-05"
"1270","2008年6月4日","2008-06-04"
"1269","2008年5月30日","2008-05-31"
"1268","2008年5月29日","2008-05-30"
"1267","2008年5月29日","2008-05-30"
"1266","2008年5月28日","2008-05-29"
"1265","2008年5月28日","2008-05-29"
"1264","2008年5月28日","2008-05-28"
"1263","2008年5月27日","2008-05-27"
"1262","2008年5月26日","2008-05-27"
"1261","2008年5月26日","2008-05-26"
"1260","2008年5月22日","2008-05-22"
"688","感受灾区","2008-05-21"
"1259","2008年5月20日","2008-05-21"
"1258","2008年5月20日","2008-05-21"
"1257","2008年5月20日","2008-05-20"
"1256","2008年5月20日","2008-05-20"
"687","最快速度把自己网站变灰","2008-05-19"
"1255","2008年5月18日","2008-05-19"
"686","一周年","2008-05-18"
"685","一周年","2008-05-18"
"1253","2008年5月14日","2008-05-14"
"1252","2008年5月14日","2008-05-14"
"684","点燃希望 捐赠灾区","2008-05-14"
"683","无题","2008-05-13"
"1251","2008年5月9日","2008-05-10"
"682","看火炬","2008-05-09"
"1250","2008年5月5日","2008-05-06"
"1249","2008年5月5日","2008-05-05"
"1248","2008年5月2日","2008-05-03"
"1247","2008年5月2日","2008-05-02"
"681","阳气十足《钢铁侠》","2008-05-02"
"1246","2008年4月30日","2008-05-01"
"1245","2008年4月30日","2008-04-30"
"1244","2008年4月30日","2008-04-30"
"1243","2008年4月29日","2008-04-30"
"1242","2008年4月29日","2008-04-30"
"1241","2008年4月29日","2008-04-30"
"1240","2008年4月29日","2008-04-30"
"1239","2008年4月27日","2008-04-28"
"1238","2008年4月27日","2008-04-28"
"680","王彩玲:一个女人对一个男人最深的感情只能是爱情","2008-04-28"
"1237","2008年4月27日","2008-04-28"
"1236","2008年4月26日","2008-04-27"
"679","[贴图不说话]GOOGLE文档里的编辑HTML和CSS功能","2008-04-26"
"678","李连杰和成龙谁的功夫更高？","2008-04-26"
"1235","2008年4月25日","2008-04-25"
"1234","2008年4月23日","2008-04-24"
"1233","2008年4月22日","2008-04-23"
"677","支持奥运","2008-04-21"
"676","Dreamweaver CS4在切换中文输入法时还是会把代码提示功能关闭~","2008-04-19"
"1232","2008年4月17日","2008-04-17"
"1231","2008年4月17日","2008-04-17"
"1230","2008年4月16日","2008-04-17"
"1229","2008年4月16日","2008-04-16"
"1228","2008年4月15日","2008-04-16"
"1227","2008年4月11日","2008-04-11"
"675","又到祼奔节！","2008-04-09"
"674","中文版IE8出来了~","2008-04-08"
"1226","2008年4月6日","2008-04-07"
"1225","2008年4月5日","2008-04-05"
"1224","2008年4月4日","2008-04-05"
"673","清明节快乐","2008-04-04"
"1223","2008年4月4日","2008-04-04"
"1222","2008年4月1日","2008-04-02"
"1221","2008年4月1日","2008-04-02"
"672","新空间","2008-04-01"
"1220","2008年3月30日","2008-03-31"
"671","向IE6说NO！（Say No To IE 6!）","2008-03-31"
"1219","2008年3月30日","2008-03-30"
"670","这个站差点没了……","2008-03-29"
"1218","2008年3月27日","2008-03-28"
"1217","2008年3月27日","2008-03-27"
"1216","2008年3月26日","2008-03-27"
"669","《影响力》","2008-03-27"
"1215","2008年3月26日","2008-03-27"
"1214","2008年3月25日","2008-03-25"
"1213","2008年3月23日","2008-03-24"
"1212","2008年3月22日","2008-03-23"
"1211","2008年3月20日","2008-03-21"
"1210","2008年3月19日","2008-03-20"
"668","哎，我的小蛮腰~","2008-03-19"
"1209","2008年3月18日","2008-03-18"
"1208","2008年3月17日","2008-03-18"
"667","茶道","2008-03-15"
"1207","2008年3月12日","2008-03-13"
"1206","2008年3月12日","2008-03-13"
"1205","2008年3月11日","2008-03-12"
"1204","2008年3月6日","2008-03-07"
"666","Internet Explorer 8的新特性","2008-03-06"
"1203","2008年3月5日","2008-03-06"
"1202","2008年3月5日","2008-03-06"
"1201","2008年3月4日","2008-03-04"
"1200","2008年3月3日","2008-03-04"
"1199","2008年3月3日","2008-03-04"
"1198","2008年3月1日","2008-03-02"
"665","浅析FriendFeed","2008-03-02"
"1197","2008年3月1日","2008-03-01"
"1196","2008年3月1日","2008-03-01"
"1195","2008年3月1日","2008-03-01"
"1194","2008年3月1日","2008-03-01"
"1193","2008年2月26日","2008-02-27"
"1192","2008年2月25日","2008-02-25"
"1191","2008年2月25日","2008-02-25"
"664","你们都误会陈冠希了！","2008-02-22"
"1190","2008年2月18日","2008-02-19"
"1189","2008年2月16日","2008-02-17"
"1188","2008年2月16日","2008-02-16"
"1187","2008年2月14日","2008-02-14"
"1186","2008年2月14日","2008-02-14"
"1185","2008年2月14日","2008-02-14"
"1184","2008年2月14日","2008-02-14"
"1183","2008年2月14日","2008-02-14"
"1182","2008年2月14日","2008-02-14"
"1181","2008年2月5日","2008-02-06"
"1180","2008年2月5日","2008-02-05"
"1179","2008年2月3日","2008-02-04"
"1178","2008年1月31日","2008-02-01"
"1177","2008年1月30日","2008-01-31"
"663","WYSIWYG YUI Grid CSS and Grid Builder","2008-01-31"
"1176","2008年1月29日","2008-01-30"
"662","社会心理学中的重要观点（笔记）","2008-01-28"
"1175","2008年1月26日","2008-01-26"
"1174","2008年1月26日","2008-01-26"
"1173","2008年1月24日","2008-01-24"
"1172","2008年1月24日","2008-01-24"
"1171","2008年1月23日","2008-01-23"
"660","[转]压力测试图","2008-01-22"
"1170","2008年1月20日","2008-01-20"
"1169","2008年1月20日","2008-01-20"
"658","Warning: An IE7 Auto-Update Is Coming Soon","2008-01-19"
"657","订阅所有QQ好友空间日志到Google Reader","2008-01-19"
"1168","2008年1月18日","2008-01-19"
"1167","2008年1月16日","2008-01-17"
"1166","2008年1月16日","2008-01-17"
"1165","2008年1月16日","2008-01-17"
"655","知者不惑，仁者不忧，勇者不惧。","2008-01-13"
"1164","2008年1月10日","2008-01-10"
"1163","2008年1月9日","2008-01-10"
"1162","2008年1月6日","2008-01-06"
"1161","2008年1月5日","2008-01-06"
"654","年终总结2007","2007-12-31"
"653","去看《集结号》，遭遇冯小刚~","2007-12-31"
"1160","2007年12月28日","2007-12-29"
"1159","2007年12月27日","2007-12-28"
"1158","2007年12月24日","2007-12-25"
"652","HasLayout也许会在Internet Explorer 8中被淘汰","2007-12-25"
"1157","2007年12月19日","2007-12-20"
"651","《投名状》《色·戒》","2007-12-19"
"650","原来CSS可以直接应用于XML啊~","2007-12-16"
"1156","2007年12月15日","2007-12-15"
"649","update","2007-12-15"
"647","[播]米随随之声：火星文入侵","2007-11-30"
"1155","2007年11月27日","2007-11-27"
"1154","2007年11月27日","2007-11-27"
"1153","2007年11月25日","2007-11-26"
"646","感恩节呐~","2007-11-23"
"1152","2007年11月22日","2007-11-22"
"1151","2007年11月22日","2007-11-22"
"645","Firefox3与WEB客户端开发相关的新特性","2007-11-22"
"1150","2007年11月20日","2007-11-21"
"1149","2007年11月20日","2007-11-21"
"1148","2007年11月18日","2007-11-19"
"644","半年了~","2007-11-19"
"1147","2007年11月17日","2007-11-18"
"1146","2007年11月14日","2007-11-15"
"643","WEB开发调试利器：DebugBar","2007-11-14"
"642","[紧急通告]关于蓝色理想经典论坛无法访问的声明","2007-11-13"
"641","光棍节的前一天","2007-11-11"
"1145","2007年11月11日","2007-11-11"
"640","奇怪的FLV视频不能播放问题","2007-11-09"
"1144","2007年11月8日","2007-11-09"
"1143","2007年11月5日","2007-11-06"
"1142","2007年11月5日","2007-11-05"
"1141","2007年11月2日","2007-11-03"
"639","微软发布IE、Firefox、Opera和Safari的JavaScript兼容性研究","2007-11-02"
"638","听歌为啥不用QQ音乐播放器？","2007-11-01"
"1140","2007年10月29日","2007-10-30"
"1139","2007年10月29日","2007-10-30"
"637","也说Facebook","2007-10-28"
"636","男人的玩意儿~","2007-10-24"
"1138","2007年10月19日","2007-10-19"
"1137","2007年10月18日","2007-10-19"
"1136","2007年10月14日","2007-10-15"
"635","</National Day>","2007-10-08"
"1135","2007年10月7日","2007-10-08"
"634","IE7去掉WGA验证啦~","2007-10-07"
"633","黑莓(BlackBerry)真是好，难用啊~","2007-10-05"
"632","折腾一下LAMP","2007-10-03"
"1134","2007年10月1日","2007-10-02"
"631","八月和九月","2007-10-01"
"1133","2007年9月29日","2007-09-29"
"1132","2007年9月25日","2007-09-25"
"1131","2007年9月23日","2007-09-24"
"1130","2007年9月23日","2007-09-23"
"1129","2007年9月23日","2007-09-23"
"630","[zt]管理学习总结","2007-09-21"
"1128","2007年9月19日","2007-09-20"
"1127","2007年9月19日","2007-09-19"
"629","JavaScript学习笔记0918","2007-09-19"
"1126","2007年9月15日","2007-09-15"
"628","JavaScript学习笔记0913","2007-09-14"
"1125","2007年9月10日","2007-09-10"
"627","分析一下顽皮的小吕","2007-09-10"
"1124","2007年9月9日","2007-09-09"
"1123","2007年9月7日","2007-09-08"
"1122","2007年9月4日","2007-09-04"
"1121","2007年9月4日","2007-09-04"
"1120","2007年9月4日","2007-09-04"
"626","阅读：这将是一场革命","2007-09-03"
"1119","2007年9月1日","2007-09-02"
"1118","2007年9月1日","2007-09-01"
"625","Blog Day 2007","2007-09-01"
"1117","2007年8月30日","2007-08-31"
"1116","2007年8月30日","2007-08-31"
"1115","2007年8月29日","2007-08-30"
"1114","2007年8月29日","2007-08-30"
"1113","2007年8月29日","2007-08-29"
"624","关于CSS的小问题的解答","2007-08-29"
"1112","2007年8月27日","2007-08-28"
"1111","2007年8月27日","2007-08-27"
"1110","2007年8月25日","2007-08-26"
"1109","2007年8月25日","2007-08-25"
"578","色情行业的2个好处","2007-08-25"
"623","陕西省西安市九区四县户口可以在深圳办理二代身份证","2007-08-25"
"1108","2007年8月24日","2007-08-24"
"1107","2007年8月23日","2007-08-24"
"622","高效能人士的七个习题","2007-08-22"
"1106","2007年8月20日","2007-08-21"
"1105","2007年8月18日","2007-08-18"
"620","浅析Windows桌面图标的放置问题","2007-08-17"
"1104","2007年8月16日","2007-08-16"
"1103","2007年8月10日","2007-08-11"
"1102","2007年8月10日","2007-08-11"
"1101","2007年8月10日","2007-08-10"
"619","今天是070809,好日子啊~","2007-08-10"
"1100","2007年8月8日","2007-08-09"
"1099","2007年8月8日","2007-08-08"
"1098","2007年8月2日","2007-08-03"
"1097","2007年8月1日","2007-08-01"
"1096","2007年8月1日","2007-08-01"
"1095","2007年8月1日","2007-08-01"
"1094","2007年7月30日","2007-07-30"
"1093","2007年7月27日","2007-07-27"
"1092","2007年7月26日","2007-07-26"
"1091","2007年7月26日","2007-07-26"
"1090","2007年7月20日","2007-07-20"
"1089","2007年7月20日","2007-07-20"
"617","肉感千手观音","2007-07-17"
"1088","2007年7月14日","2007-07-15"
"1087","2007年7月14日","2007-07-15"
"1086","2007年7月14日","2007-07-15"
"616","夺冠","2007-07-11"
"615","老港.正传","2007-07-09"
"1085","2007年7月5日","2007-07-06"
"1084","2007年7月5日","2007-07-06"
"1083","2007年7月4日","2007-07-04"
"1082","2007年7月2日","2007-07-02"
"1081","2007年7月1日","2007-07-01"
"614","胡言乱语","2007-06-30"
"1080","2007年6月26日","2007-06-26"
"613","看大海","2007-06-24"
"1079","2007年6月22日","2007-06-22"
"1078","2007年6月20日","2007-06-20"
"1077","2007年6月19日","2007-06-19"
"1076","2007年6月19日","2007-06-19"
"1075","2007年6月19日","2007-06-19"
"612","PSP","2007-06-19"
"1074","2007年6月18日","2007-06-18"
"1073","2007年6月12日","2007-06-12"
"1072","2007年6月12日","2007-06-12"
"1071","2007年6月11日","2007-06-12"
"1070","2007年6月11日","2007-06-12"
"611","…","2007-06-11"
"610","blog无语状态","2007-06-09"
"1069","2007年6月5日","2007-06-05"
"1068","2007年6月5日","2007-06-05"
"1067","2007年6月4日","2007-06-04"
"609","[转]生活忠告","2007-06-04"
"608","Off-line Ajax","2007-06-01"
"1066","2007年6月1日","2007-06-01"
"1065","2007年5月30日","2007-05-31"
"1064","2007年5月30日","2007-05-31"
"607","小米同志在2007年5月30日干的事","2007-05-31"
"606","深圳（魔道）","2007-05-28"
"1063","2007年5月27日","2007-05-28"
"605","~~","2007-05-27"
"604","LBS^2解决评论SPAM的一个方案","2007-05-27"
"603","机票骗子和机票预订骗子","2007-05-26"
"1062","2007年5月26日","2007-05-26"
"602","Q吧改版和TM2008界面调查","2007-05-26"
"1061","2007年5月22日","2007-05-23"
"1060","2007年5月22日","2007-05-23"
"1059","2007年5月22日","2007-05-23"
"599","再见，北京","2007-05-16"
"1058","2007年5月15日","2007-05-16"
"1057","2007年5月15日","2007-05-15"
"1056","2007年5月14日","2007-05-15"
"1055","2007年5月12日","2007-05-12"
"1054","2007年5月11日","2007-05-12"
"601","三个因素","2007-05-10"
"1053","2007年5月9日","2007-05-10"
"1052","2007年5月9日","2007-05-09"
"1051","2007年5月9日","2007-05-09"
"1050","2007年5月9日","2007-05-09"
"1049","2007年5月8日","2007-05-08"
"1048","2007年5月8日","2007-05-08"
"1047","2007年5月6日","2007-05-06"
"1046","2007年5月6日","2007-05-06"
"1045","2007年5月6日","2007-05-06"
"600","欢渡五一","2007-05-06"
"1044","2007年4月29日","2007-04-30"
"1043","2007年4月28日","2007-04-29"
"1042","2007年4月25日","2007-04-26"
"1041","2007年4月25日","2007-04-25"
"1040","2007年4月25日","2007-04-25"
"1039","2007年4月23日","2007-04-24"
"1038","2007年4月20日","2007-04-21"
"1037","2007年4月19日","2007-04-20"
"1036","2007年4月19日","2007-04-20"
"1035","2007年4月18日","2007-04-19"
"1034","2007年4月18日","2007-04-18"
"1033","2007年4月17日","2007-04-18"
"1032","2007年4月17日","2007-04-18"
"1031","2007年4月17日","2007-04-17"
"598","微软眼红FLASH而推出的WPF/E现正式官方名称为SilverLight","2007-04-16"
"1030","2007年4月16日","2007-04-16"
"1029","2007年4月14日","2007-04-15"
"1028","2007年4月13日","2007-04-13"
"1027","2007年4月12日","2007-04-13"
"597","推荐一个Javascript&DHTML实例编程教程","2007-04-13"
"1026","2007年4月12日","2007-04-13"
"1025","2007年4月11日","2007-04-12"
"1024","2007年4月11日","2007-04-12"
"1023","2007年4月11日","2007-04-11"
"1022","2007年4月11日","2007-04-11"
"1021","2007年4月11日","2007-04-11"
"1020","2007年4月10日","2007-04-10"
"1019","2007年4月10日","2007-04-10"
"1018","2007年4月9日","2007-04-09"
"1017","2007年4月9日","2007-04-09"
"1016","2007年4月7日","2007-04-07"
"1015","2007年4月7日","2007-04-07"
"1014","2007年4月6日","2007-04-06"
"1013","2007年4月5日","2007-04-05"
"596","一些对“WEB2.0”、“交互设计”、“用户体验”的观点","2007-04-05"
"1012","2007年4月4日","2007-04-04"
"1011","2007年4月3日","2007-04-03"
"595","CSS祼奔节（4月5日）","2007-04-03"
"1010","2007年3月30日","2007-03-30"
"1009","2007年3月29日","2007-03-30"
"1008","2007年3月28日","2007-03-28"
"1007","2007年3月28日","2007-03-28"
"1006","2007年3月28日","2007-03-28"
"1005","2007年3月27日","2007-03-28"
"1004","2007年3月24日","2007-03-24"
"1003","2007年3月24日","2007-03-24"
"1002","2007年3月24日","2007-03-24"
"1001","2007年3月24日","2007-03-24"
"1000","2007年3月23日","2007-03-24"
"999","2007年3月23日","2007-03-23"
"998","2007年3月22日","2007-03-22"
"997","2007年3月21日","2007-03-22"
"996","2007年3月21日","2007-03-22"
"995","2007年3月21日","2007-03-22"
"994","2007年3月20日","2007-03-21"
"594","整理友情链接","2007-03-19"
"993","2007年3月16日","2007-03-16"
"992","2007年3月16日","2007-03-16"
"991","2007年3月16日","2007-03-16"
"990","2007年3月16日","2007-03-16"
"989","2007年3月15日","2007-03-16"
"593","OPERA也推出开发工具Opera developer tools","2007-03-13"
"988","2007年3月13日","2007-03-13"
"987","2007年3月12日","2007-03-12"
"986","2007年3月12日","2007-03-12"
"985","2007年3月12日","2007-03-12"
"984","2007年3月11日","2007-03-12"
"983","2007年3月11日","2007-03-12"
"982","2007年3月11日","2007-03-12"
"981","2007年3月8日","2007-03-08"
"980","2007年3月8日","2007-03-08"
"592","第八乐园 - 个性化产品定制","2007-03-08"
"979","2007年3月7日","2007-03-08"
"978","2007年3月7日","2007-03-07"
"977","2007年3月7日","2007-03-07"
"976","2007年3月7日","2007-03-07"
"975","2007年3月7日","2007-03-07"
"974","2007年3月6日","2007-03-06"
"973","2007年3月5日","2007-03-05"
"972","2007年3月5日","2007-03-05"
"971","2007年3月4日","2007-03-04"
"970","2007年3月4日","2007-03-04"
"969","2007年3月4日","2007-03-04"
"968","2007年3月2日","2007-03-03"
"591","MSN推出官方签名广告系统","2007-03-03"
"967","2007年3月2日","2007-03-02"
"966","2007年3月2日","2007-03-02"
"965","2007年3月2日","2007-03-02"
"964","2007年3月2日","2007-03-02"
"963","2007年3月2日","2007-03-02"
"590","点名游戏","2007-03-01"
"962","2007年2月19日","2007-02-19"
"589","看春晚","2007-02-19"
"588","用white-space:nowrap;解决中文标签标签换行问题","2007-02-14"
"961","2007年2月12日","2007-02-13"
"960","2007年2月12日","2007-02-13"
"959","2007年2月12日","2007-02-13"
"587","顺其自然","2007-02-13"
"958","2007年2月10日","2007-02-11"
"957","2007年2月10日","2007-02-10"
"956","2007年2月9日","2007-02-09"
"586","《读者》的网站","2007-02-09"
"955","2007年2月7日","2007-02-07"
"954","2007年2月7日","2007-02-07"
"953","2007年2月6日","2007-02-06"
"585","maikr博客伴侣全新发布！支持博客备份和博客搬家","2007-02-06"
"584","今天去玩了真人CS","2007-02-04"
"952","2007年1月29日","2007-01-30"
"583","[转]语不惊人死不休!","2007-01-29"
"582","在Google Maps上消失的街道","2007-01-28"
"951","2007年1月27日","2007-01-27"
"581","无题","2007-01-27"
"950","2007年1月26日","2007-01-27"
"580","失去平衡的百度","2007-01-24"
"949","2007年1月20日","2007-01-21"
"948","2007年1月19日","2007-01-19"
"947","2007年1月18日","2007-01-18"
"946","2007年1月17日","2007-01-18"
"945","2007年1月17日","2007-01-17"
"944","2007年1月17日","2007-01-17"
"943","2007年1月16日","2007-01-17"
"942","2007年1月16日","2007-01-17"
"941","2007年1月16日","2007-01-17"
"940","2007年1月16日","2007-01-16"
"579","jQuery过一周年生日","2007-01-16"
"577","美国成人娱乐博览会展示先进科技","2007-01-15"
"939","2007年1月13日","2007-01-14"
"938","2007年1月13日","2007-01-14"
"937","2007年1月11日","2007-01-11"
"936","2007年1月11日","2007-01-11"
"576","大家考试了","2007-01-11"
"935","2007年1月11日","2007-01-11"
"934","2007年1月11日","2007-01-11"
"933","2007年1月10日","2007-01-11"
"932","2007年1月9日","2007-01-10"
"931","2007年1月9日","2007-01-09"
"930","2007年1月8日","2007-01-09"
"929","2007年1月8日","2007-01-08"
"928","2007年1月7日","2007-01-08"
"927","2007年1月7日","2007-01-08"
"926","2007年1月5日","2007-01-05"
"925","2007年1月4日","2007-01-05"
"924","2007年1月4日","2007-01-04"
"923","2007年1月3日","2007-01-03"
"922","2007年1月2日","2007-01-02"
"575","强悍无比的WEB开发好助手FireBug(Firefox Plugin)","2007-01-02"
"921","2006年12月31日","2006-12-31"
"574","WPF出来和Flash抢未来WEB市场啦～","2006-12-31"
"920","2006年12月31日","2006-12-31"
"919","2006年12月30日","2006-12-31"
"918","2006年12月29日","2006-12-30"
"917","2006年12月29日","2006-12-29"
"916","2006年12月29日","2006-12-29"
"915","2006年12月28日","2006-12-29"
"914","2006年12月28日","2006-12-28"
"913","2006年12月28日","2006-12-28"
"573","LBS^2在IE7下图片出现滚动条的问题解决办法","2006-12-28"
"912","2006年12月27日","2006-12-27"
"572","欢迎捐赠我","2006-12-27"
"911","2006年12月26日","2006-12-27"
"910","2006年12月23日","2006-12-23"
"571","BLOG改造计划（YY版）","2006-12-22"
"909","2006年12月21日","2006-12-22"
"908","2006年12月19日","2006-12-19"
"570","年终总结2006","2006-12-19"
"907","2006年12月18日","2006-12-18"
"906","2006年12月18日","2006-12-18"
"905","2006年12月17日","2006-12-17"
"569","黄金甲不错","2006-12-16"
"904","2006年12月15日","2006-12-16"
"903","2006年12月15日","2006-12-16"
"902","2006年12月15日","2006-12-15"
"901","2006年12月14日","2006-12-15"
"568","华哥来开演唱会啦～","2006-12-15"
"567","换皮肤了，又要过节了","2006-12-13"
"900","2006年12月12日","2006-12-12"
"899","2006年12月12日","2006-12-12"
"898","2006年12月12日","2006-12-12"
"566","无题","2006-12-12"
"897","2006年12月11日","2006-12-11"
"896","2006年12月10日","2006-12-10"
"565","BXNA，对不住啦","2006-12-10"
"895","2006年12月9日","2006-12-10"
"894","2006年12月9日","2006-12-10"
"893","2006年12月9日","2006-12-10"
"564","为什么周曙光自认为当个卖菜的很贱","2006-12-10"
"563","骂人：卖菜的周曙光你给我听好了！","2006-12-09"
"892","2006年12月7日","2006-12-08"
"891","2006年12月6日","2006-12-07"
"562","励志节目好","2006-12-07"
"890","2006年12月4日","2006-12-04"
"561","社会等级","2006-12-04"
"889","2006年12月1日","2006-12-01"
"560","暗号交流一下","2006-11-26"
"888","2006年11月25日","2006-11-26"
"887","2006年11月24日","2006-11-24"
"886","2006年11月20日","2006-11-20"
"885","2006年11月19日","2006-11-20"
"884","2006年11月19日","2006-11-19"
"559","加了一个页面loading效果","2006-11-19"
"558","我看宜家","2006-11-19"
"883","2006年11月18日","2006-11-19"
"882","2006年11月18日","2006-11-19"
"557","YY贴","2006-11-18"
"881","2006年11月17日","2006-11-18"
"556","真诚收集 Blog API 还有 Blog API 库（C++）","2006-11-07"
"555","内容限制到现在的宽度你觉得怎样？[结束]","2006-11-01"
"880","2006年11月1日","2006-11-01"
"879","2006年11月1日","2006-11-01"
"554","超过他, 踩死他, 鄙视他, 这才是前进的动力","2006-11-01"
"878","2006年10月30日","2006-10-30"
"877","2006年10月30日","2006-10-30"
"553","BLOG的妙用（也说网志年会）","2006-10-29"
"876","2006年10月29日","2006-10-29"
"875","2006年10月29日","2006-10-29"
"874","2006年10月29日","2006-10-29"
"552","网博会归来","2006-10-29"
"551","周五记事","2006-10-28"
"873","2006年10月27日","2006-10-28"
"872","2006年10月27日","2006-10-27"
"871","2006年10月27日","2006-10-27"
"870","2006年10月27日","2006-10-27"
"869","2006年10月26日","2006-10-27"
"868","2006年10月26日","2006-10-27"
"867","2006年10月26日","2006-10-27"
"866","2006年10月26日","2006-10-26"
"865","2006年10月26日","2006-10-26"
"550","你在你的firefox2.0中找到你的名字了吗？","2006-10-26"
"864","2006年10月25日","2006-10-26"
"863","2006年10月21日","2006-10-21"
"549","傻呼呼的验证码提示","2006-10-20"
"862","2006年10月18日","2006-10-18"
"861","2006年10月18日","2006-10-18"
"860","2006年10月17日","2006-10-18"
"547","[视频]好莱坞汽车特技","2006-10-18"
"859","2006年10月17日","2006-10-17"
"858","2006年10月16日","2006-10-17"
"546","wallop's mods","2006-10-17"
"857","2006年10月13日","2006-10-14"
"545","二元经济（二元经济模型）","2006-10-13"
"856","2006年10月10日","2006-10-11"
"544","金胖子带领朝鲜人民向全世界人民问好","2006-10-09"
"543","无题","2006-10-09"
"855","2006年10月8日","2006-10-08"
"854","2006年10月8日","2006-10-08"
"542","没有假了","2006-10-08"
"853","2006年10月6日","2006-10-07"
"541","关于理想","2006-10-06"
"852","2006年10月6日","2006-10-06"
"540","摇滚啤酒节","2006-10-04"
"851","2006年10月2日","2006-10-02"
"850","2006年10月1日","2006-10-01"
"539","我又开始挂月亮了。。。","2006-09-30"
"849","2006年9月30日","2006-09-30"
"538","555～","2006-09-30"
"848","2006年9月27日","2006-09-28"
"847","2006年9月27日","2006-09-28"
"846","2006年9月27日","2006-09-27"
"537","人性阴暗论者","2006-09-27"
"536","转载：2006年最好的经济分析文章：另一个中国","2006-09-26"
"845","2006年9月25日","2006-09-25"
"844","2006年9月25日","2006-09-25"
"535","《夜宴》最好不要去看，谁看谁SB","2006-09-24"
"843","2006年9月23日","2006-09-23"
"842","2006年9月23日","2006-09-23"
"841","2006年9月23日","2006-09-23"
"840","2006年9月23日","2006-09-23"
"534","厉娜","2006-09-23"
"839","2006年9月23日","2006-09-23"
"533","三个域名，HOHO～","2006-09-22"
"529","你找到了你的，我还没找到，所以：我要找到你","2006-09-22"
"838","2006年9月21日","2006-09-22"
"837","2006年9月20日","2006-09-20"
"528","[点名游戏]贴出你的桌面","2006-09-19"
"836","2006年9月18日","2006-09-19"
"527","是什么让我们贫穷？（文/周正）","2006-09-19"
"526","生活琐事","2006-09-19"
"835","2006年9月17日","2006-09-17"
"834","2006年9月15日","2006-09-15"
"525","又是垃圾引用，NND～","2006-09-14"
"524","攻击","2006-09-14"
"523","Ubuntu","2006-09-13"
"833","2006年9月12日","2006-09-12"
"832","2006年9月11日","2006-09-12"
"831","2006年9月11日","2006-09-12"
"522","天极＝无极","2006-09-11"
"521","今天我快活","2006-09-11"
"830","2006年9月10日","2006-09-10"
"829","2006年9月10日","2006-09-10"
"828","2006年9月10日","2006-09-10"
"827","2006年9月10日","2006-09-10"
"520","等级","2006-09-09"
"826","2006年9月8日","2006-09-08"
"519","微软终于对网页三剑客下手了","2006-09-08"
"825","2006年9月7日","2006-09-08"
"518","同志们，我回来啦～","2006-09-08"
"517","不敢当。。。炫耀一番。。。","2006-08-30"
"824","2006年8月29日","2006-08-29"
"823","2006年8月28日","2006-08-29"
"516","超越网络I","2006-08-28"
"822","2006年8月26日","2006-08-27"
"821","2006年8月26日","2006-08-27"
"820","2006年8月26日","2006-08-27"
"515","反垃圾引用","2006-08-26"
"514","2006中文网志年会了","2006-08-26"
"513","调查问卷：bloger们自我暴露的特点","2006-08-24"
"512","广大的Blogger们，VC的钱来啦～","2006-08-24"
"819","2006年8月23日","2006-08-23"
"511","Google在搜索结果捆绑“Note this”","2006-08-23"
"510","洋葱头","2006-08-23"
"509","算了～","2006-08-23"
"508","报仇血恨！！！","2006-08-23"
"507","Blog上的言论自由！","2006-08-22"
"506","加入Blog Network弊利谈","2006-08-21"
"818","2006年8月21日","2006-08-21"
"505","流水账","2006-08-21"
"504","网络赚钱实战～","2006-08-20"
"503","[转]免费获取Windows Vista Beta 2光盘","2006-08-18"
"502","微软出品，必属经典！","2006-08-15"
"817","2006年8月13日","2006-08-13"
"816","2006年8月13日","2006-08-13"
"501","谁比谁更无知更弱智","2006-08-13"
"815","2006年8月12日","2006-08-13"
"500","<转贴>三环路少女裸奔，人山人海围观！！<有图！！>","2006-08-12"
"814","2006年8月11日","2006-08-11"
"813","2006年8月10日","2006-08-11"
"812","2006年8月10日","2006-08-10"
"811","2006年8月10日","2006-08-10"
"810","2006年8月10日","2006-08-10"
"809","2006年8月10日","2006-08-10"
"499","Google也搞GFW","2006-08-10"
"498","个人隐私又被ChinaRen卖了","2006-08-10"
"808","2006年8月9日","2006-08-09"
"807","2006年8月9日","2006-08-09"
"497","国际奥委会网站改版","2006-08-08"
"496","Blogger 怎么赚钱啊～","2006-08-08"
"495","用新浪的Woocall和偶聊天吧～","2006-08-07"
"494","展览会与招聘会","2006-08-06"
"493","请问小姐贵姓？","2006-08-02"
"492","Flickr送我了一个Pro","2006-08-01"
"491","BLOG媒体？","2006-07-30"
"490","Iconfactory改版的故事","2006-07-28"
"489","网页设计者将面临IE7最大挑战","2006-07-27"
"806","2006年7月27日","2006-07-27"
"488","政治社会化","2006-07-27"
"487","越来越感觉自己的无知了","2006-07-25"
"805","2006年7月24日","2006-07-25"
"804","2006年7月20日","2006-07-20"
"803","2006年7月19日","2006-07-19"
"486","CSS 子级与子孙级的关系","2006-07-19"
"802","2006年7月19日","2006-07-19"
"485","抢书啦～《Don't Make Me Think中文版》（预订中，估价）","2006-07-18"
"484","拆墙的故事","2006-07-16"
"483","2Ad的BLOG","2006-07-06"
"482","DELL电脑与BLOGGER","2006-07-05"
"481","大面积布属maikr随随API，嘿嘿～","2006-07-04"
"480","Relen的新书《Web Designer Idea -设计师谈网页设计思维》","2006-07-03"
"479","IE7快捷键","2006-07-01"
"478","Google Account API VS Windows Live ID","2006-06-29"
"476","黄健翔“惊天一嘶”：巴西对加纳！","2006-06-28"
"475","关于Opera支持Flash的BASE参数的问题","2006-06-28"
"474","maikr随随火热发布，帮助您收藏,分享,评论您正在浏览的网页","2006-06-26"
"473","惊闻武藤兰去世！","2006-06-24"
"472","你在Flickr上传过屏幕截图么","2006-06-22"
"471","Alexa被GFW了么～","2006-06-19"
"470","有感而发","2006-06-19"
"468","重伤之下 必有勇夫","2006-06-16"
"467","最强的RSS阅读器：FeedDemon V2.0.0.24","2006-06-15"
"466","澳队没让小日本阴谋得趁","2006-06-13"
"465","谁来完成最后一脚？","2006-06-11"
"464","首战4：2印象","2006-06-10"
"463","LBS^2 Skin: WorldCup2006","2006-06-10"
"462","读书的故事","2006-06-09"
"461","填个抽查就可以有个Maxthon账号啦","2006-06-07"
"460","读“疲倦的博客们”有感","2006-06-06"
"459","话剧《新同居.blog》","2006-06-05"
"458","入定","2006-06-05"
"457","下载与创新","2006-06-03"
"456","新浪也在放毛片","2006-06-02"
"454","没意思～","2006-06-01"
"452","校园生活，再见了～","2006-05-29"
"801","2006年5月26日","2006-05-27"
"451","校园攻略外传[5]","2006-05-27"
"450","校园攻略外传[4]","2006-05-27"
"449","校园攻略外传[3]","2006-05-24"
"448","校园攻略外传[2]","2006-05-21"
"447","校园攻略外传[1]","2006-05-21"
"446","儒家","2006-05-20"
"445","我的聊天语录20000101-20060518","2006-05-18"
"444","又回学校了~","2006-05-17"
"443","给你的博客备个份吧～","2006-05-16"
"442","从“无耻的Google又在抄Baidu了”引发的思考","2006-05-14"
"441","Add Buttons to Your Google Toolbar T4","2006-05-14"
"440","无耻的Google又在抄Baidu了","2006-05-12"
"439","什么是体验！","2006-05-12"
"438","登陆 Google 本地吧～","2006-05-11"
"437","少说多做吧～","2006-05-09"
"436","自我煽情","2006-05-07"
"435","keso给我留言啦～","2006-05-05"
"434","先忙别的事了～","2006-05-04"
"433","改版进行中～","2006-05-04"
"432","。。。","2006-05-02"
"431","请做答吧～","2006-05-01"
"430","闲着没事...","2006-04-30"
"429","脚踏式风扇","2006-04-30"
"428","我有“最牛女秘书”邮件，要看要转发的来看啊～","2006-04-28"
"427","最近又肥了","2006-04-28"
"425","搞清了网页标准的几个问题","2006-04-26"
"424","Excel世界杯电子表格","2006-04-25"
"423","Google可能换Logo","2006-04-23"
"422","未来。。。","2006-04-22"
"421","胡主席教导我：向M$看齐！","2006-04-20"
"420","[评书联播]高度赞扬国人这种认真抄袭的敬业精神","2006-04-19"
"419","写论文：网络环境下的物理研究性学习","2006-04-17"
"418","为什么要用encodeURIComponent()代替escape()","2006-04-16"
"417","没有创意的人...","2006-04-15"
"416","腾讯博客还是垃圾","2006-04-14"
"415","谷歌是啥意思","2006-04-13"
"414","别了~FrontPage","2006-04-12"
"412","数羊","2006-04-11"
"411","Writely测试邀请20个～[已经发完鸟]","2006-04-09"
"410","天下第一舉世無雙絕對無敵真正非常超越超級震古鑠今空前絕後刀槍不入無堅不摧無所不能好厲害：1.33%","2006-04-07"
"409","代友发求职广告：即精通做网页和又精通英语的Casper","2006-04-07"
"402","[公测]博客备份工具","2006-04-06"
"408","骂人贴","2006-04-04"
"407","血战2006:超级女生踢皮球","2006-04-03"
"406","M$为开发人员准备的网页工具条","2006-04-02"
"404","愚人节的胡言乱语~","2006-04-01"
"403","再回江南","2006-04-01"
"401","JavaScript 权威指南","2006-03-28"
"400","10块钱","2006-03-27"
"399","致已经和俺友情链接的朋友","2006-03-25"
"398","利用Google Map API在BLOG上显示自己的Google Map","2006-03-25"
"397","博客墙？","2006-03-24"
"396","跟我学洋文","2006-03-23"
"395","yònɡ pīn yīn xiě blog","2006-03-22"
"393","系统崩溃,焉知非福","2006-03-21"
"392","哈,刚刚发现一个""Windows 图片和传真查看器""的小技巧","2006-03-20"
"391","诸葛亮草船借箭时，曹军当初为什么不放火箭？","2006-03-18"
"390","竟然还有人在喊：CSS,stop!","2006-03-17"
"389","今天无事~","2006-03-17"
"388","263耍赖皮？","2006-03-16"
"387","100W的访问量","2006-03-14"
"386","Google在线翻译软件（仅76K）[已经不可以用了]","2006-03-14"
"385","80后又咋了？","2006-03-12"
"383","响应Keso大大号召,删了那广告！","2006-03-10"
"382","爱护眼睛,开启ClearType","2006-03-09"
"381","[三八节招聘]asp/asp.net网站开发/维护人员 .net高级开发工程师","2006-03-08"
"380","[转]写在CHINAZ建站四周年","2006-03-08"
"379","干吃一盒北京烤鸭皮","2006-03-07"
"378","人性的弱点","2006-03-05"
"377","如何应对微软修改 IE6 处理 ActiveX 方式后的激活问题","2006-03-02"
"376","Google股价下挫之迷","2006-03-02"
"374","玩一下WACOM数位板~","2006-03-01"
"373","领头羊不好做啊~","2006-02-27"
"372","《如何設計好網站－Don't Make Me Think》","2006-02-25"
"371","绿色软件站的声明","2006-02-24"
"370","只在直中取，不在曲中求","2006-02-23"
"369","新浪和263都将大幅度裁员","2006-02-22"
"368","怎么设计LOGO","2006-02-21"
"367","暴走","2006-02-19"
"366","Google 为什么要收购 Measure Map ？","2006-02-17"
"365","突然发现我在豆瓣可以赚钱了，哈哈~","2006-02-16"
"364","情人节快乐","2006-02-15"
"363","神奇的 Google SN ！~","2006-02-14"
"362","去尚秀食府吃了一顿~","2006-02-13"
"361","2006冬季奥运会桌面壁纸","2006-02-12"
"360","zip其实比rar好~","2006-02-11"
"359","北京欢迎您～","2006-02-10"
"358","过年","2006-02-07"
"357","祝大家狗年大吉，旺旺旺旺！","2006-01-28"
"356","我被卡在火车上了…（手机发表）","2006-01-19"
"355","真正的OOB","2006-01-18"
"354","关于CSS 3","2006-01-16"
"353","学习《毛主席语录》","2006-01-16"
"352","把订的RSS分个类","2006-01-15"
"351","经典论坛小型调查分析报告","2006-01-12"
"350","考完试后","2006-01-11"
"349","[OOB]考试去了~~~","2006-01-06"
"348","[转]不认为这些代表了BLOG设计的趋势","2006-01-06"
"347","新功能：RSS中的快速回复","2006-01-05"
"346","所管即所在vs基成化管理","2006-01-03"
"345","改版进行中。。。","2006-01-02"
"344","无题","2006-01-01"
"343","一些关于CSS设计的BLOG、论坛和网站","2005-12-31"
"342","WEB设计的原意？","2005-12-29"
"341","[扫盲]什么是web 2.0 ？","2005-12-29"
"340","这几天“干什么！”","2005-12-27"
"339","Gmail挂啦？","2005-12-24"
"338","冬至预言","2005-12-23"
"337","2005 Google年终总结","2005-12-21"
"336","用手机看Bloglines","2005-12-20"
"335","这个女子~","2005-12-19"
"334","操！","2005-12-18"
"333","年关将至，盗贼横行，大家小心啦！","2005-12-17"
"332","以人为中心的设计是有害的吗？","2005-12-17"
"331","Feedburner新功能导致美味书签挂了？","2005-12-15"
"330","给俺一个FoAF文件","2005-12-13"
"329","“我与蓝色理想”主题征文活动","2005-12-13"
"328","Blueidea.Happy Birthday","2005-12-12"
"327","学习的技巧","2005-12-11"
"326","专家进村鸟~","2005-12-09"
"325","内部消息：BXNA即将改换地址！","2005-12-07"
"324","转载所产生的问题","2005-12-06"
"323","一路明路","2005-12-04"
"322","感谢╰＊圣雪dě皇家大卖场oΟ","2005-12-03"
"321","第一次坐电梯+求书一本","2005-12-03"
"320","点名游戏","2005-12-02"
"319","用户的体验不是制造出来的","2005-11-30"
"318","[转]Blog写作十大必杀技","2005-11-29"
"317","专门用来浏览 Wikipedia 的 “浏览器”","2005-11-29"
"316","DoNews的内鬼？","2005-11-28"
"315","意淫的时候","2005-11-27"
"314","超人回来啦！~","2005-11-26"
"313","Bloglines的Bug","2005-11-24"
"312","角色建模与网页设计","2005-11-23"
"311","评估、招聘","2005-11-23"
"310","版权与错别字","2005-11-21"
"309","[播]米随随之声：博客","2005-11-20"
"308","离开几日~","2005-11-18"
"307","情绪掌控之道: 惟兰的真正成功","2005-11-17"
"306","BLOG下的网络求职实验","2005-11-16"
"305","[试播]米随随之声~","2005-11-14"
"304","国际上十四个优秀网页设计审核站","2005-11-12"
"303","招聘米随随的“首先”“其次”和“另外”","2005-11-11"
"302","找到了The Animator's Survival Kit","2005-11-11"
"301","公告：RSS地址变更！~","2005-11-10"
"300","YAHOO！真牛B！","2005-11-10"
"299","[报告]一些播客（Podcast）的数据","2005-11-08"
"298","再弹 - 2005中文网志年会","2005-11-07"
"297","我看到的2005中文网志年会（续）","2005-11-06"
"296","我看到的2005中文网志年会","2005-11-05"
"295","好玩的Flash Earth","2005-11-04"
"294","没去~","2005-11-03"
"293","[转]维基百科寻求解封记","2005-11-02"
"292","NewWebPick电子杂志第3期全球发布","2005-11-01"
"291","互联网上的信息战争","2005-11-01"
"290","[Music]卖肾 － 张敏","2005-10-31"
"289","无","2005-10-31"
"288","BLOG拉票系列，呵呵~","2005-10-28"
"285","手机发表日志测试！","2005-10-28"
"284","偶像与信仰（一）","2005-10-27"
"283","Flash翻书效果练习","2005-10-26"
"282","投简历就象扔炸弹","2005-10-25"
"281","科技发展与商业模式","2005-10-24"
"280","加入了“关于我”栏目","2005-10-22"
"279","不用邀请搞了个WordPress","2005-10-22"
"278","Tor+Privoxy+SocksCap组合包绿色免安装版","2005-10-22"
"277","维基百科被封 - 默哀！","2005-10-20"
"276","米随随的实验室 [s5s5's Lab]","2005-10-20"
"275","[ i D | 公 社]","2005-10-19"
"274","不要用手摸显示器哦~","2005-10-19"
"273","最近喜欢睡觉了~","2005-10-18"
"272","[转]平面设计之心理学研究","2005-10-16"
"271","我的小站可以用手机访问了~","2005-10-14"
"270","梦境家园，测试邀请发送[OVER]","2005-10-14"
"269","一些关于阿里巴巴和马云的分析（四）","2005-10-14"
"268","一些关于阿里巴巴和马云的分析（三）","2005-10-12"
"267","一些关于阿里巴巴和马云的分析（二）","2005-10-12"
"266","一些关于阿里巴巴和马云的分析（一）","2005-10-12"
"265","神舟六号发射时间初步敲定为12日9:30","2005-10-12"
"264","参加《激情广场》回来~","2005-10-12"
"263","这日子是越过越感觉不爽了~","2005-10-11"
"262","坐在Keso的沙发上说说Web 2.0公司~","2005-10-09"
"261","BLOGGER专用手机壁纸","2005-10-09"
"260","论""爱搞搞挣钱1组""的可行性","2005-10-06"
"259","我也跟着老白说豆瓣：小组里参与性太差啦~","2005-10-04"
"258","一定要看 Engadget 啊！","2005-10-03"
"257","[转]用CSS在IE中显示透明PNG图像","2005-10-03"
"256","Blog 的下一步","2005-10-03"
"255","噼噼啪啪的闪光灯","2005-10-03"
"254","Google正在进行用户访谈！","2005-10-02"
"253","我和Google","2005-09-29"
"252","辞职、重修、考研、找工作","2005-09-28"
"251","禁用框架页调用本站内容","2005-09-27"
"250","天仙配","2005-09-27"
"249","SOHU博客大奖","2005-09-26"
"248","XML - 未来网页发展的方向","2005-09-25"
"247","李敖对信息过载的看法！~","2005-09-24"
"246","请注意：这里是互联网~","2005-09-24"
"245","我要隐了去~","2005-09-22"
"243","好玩的纸模型","2005-09-21"
"242","Ringo.com的病毒式传播~","2005-09-19"
"241","孝感学院将成为央视《激情广场》拍摄现场","2005-09-18"
"240","月亮忘記了","2005-09-18"
"239","ChinaRen校友录开始提供RSS订阅功能啦~","2005-09-18"
"238","LBS^2 Skin :中秋圆月","2005-09-17"
"237","新闻练播[2005-09-16]","2005-09-17"
"236","怎么加入Google Blog Search？","2005-09-15"
"235","Python入门资源收集","2005-09-15"
"234","[转]小常识：手机被偷后如何让小偷不能用","2005-09-13"
"233","记念一下Dlog~","2005-09-12"
"232","教师只有在教师节这一天才被人们记起","2005-09-10"
"231","汉化新世纪网志矩阵HXNA","2005-09-09"
"228","咋定性研究","2005-09-08"
"230","如果我有200万游戏","2005-09-07"
"229","百度指数邀请发送[已送光]","2005-09-06"
"227","交互学习中，啥叫个定性研究","2005-09-04"
"226","日本狗换成iBox播放器","2005-09-03"
"225","看看你的BLOG是啥类型的~","2005-09-03"
"224","学习做网页极速教程","2005-09-03"
"223","开始我的求职计划了~","2005-08-31"
"222","给大一新生“喷的”的些上大学的技巧","2005-08-30"
"221","养了一个Blog Pet：小米米~","2005-08-29"
"220","给QQ公司的建议：关于 Google Talk 的建议~","2005-08-28"
"219","胡言乱语~","2005-08-28"
"218","Google Talk 分组与改名技巧","2005-08-27"
"217","谁有我GOOGLE TALK加的人多,嘿嘿~","2005-08-26"
"216","啊哈~终于到我接力怪癖游戏了~","2005-08-25"
"215","Google Talk 发布~","2005-08-24"
"214","Flashinn Net-pad","2005-08-24"
"213","点评新版苹果树下~","2005-08-23"
"212","体验设计和交互设计[续]","2005-08-23"
"211","体验设计与交互设计","2005-08-22"
"210","[转]我看所谓的技术名词","2005-08-20"
"209","当当当~我回来了~","2005-08-19"
"208","太累了,我要休息一段时间了~","2005-08-10"
"207","Macromedia Studio 8产品发布会－北京","2005-08-09"
"206","快暴了~","2005-08-08"
"205","欢迎大家加入豆瓣的网页设计小组","2005-08-08"
"204","第一届中国人机交互学术会议(CHI-CHINA2005)","2005-08-07"
"203","FIREFOX也挡不住的弹出窗口","2005-08-07"
"202","用BLOG做排名的网站:QQ573","2005-08-06"
"201","初试把XML转成HTML~","2005-08-06"
"200","将LBS^2的RSS日期改为RFC822标准","2005-08-04"
"199","刘光建事迹.BLOG","2005-08-04"
"198","你可以给我带来流量，可是我不希汗！","2005-08-03"
"197","垃圾门户网站设计","2005-08-02"
"196","Maxthon Feed","2005-08-01"
"195","今天打赌输了~","2005-08-01"
"194","一个关于生产标准网页工具的点子~","2005-07-31"
"193","关于怎么样确立用户目标的讨论~","2005-07-31"
"192","SUPER-XNA计划！","2005-07-28"
"191","加放""朋友们的新日志""功能","2005-07-27"
"190","SXNA(Sipo's XML News Aggregator)","2005-07-26"
"189","LBS^2 Skin 春天来鸟~","2005-07-25"
"188","目标导向设计~","2005-07-25"
"187","孤独的Blogger","2005-07-24"
"186","基于web2.0的网站创意","2005-07-20"
"185","網誌使用者與使用行為之研究","2005-07-19"
"184","一个基于WEB2.0网站的好创意~","2005-07-18"
"183","学习小结 思想的火花","2005-07-17"
"182","WZL大王GRAPHICS2005 电子版","2005-07-16"
"181","开始啦~交互设计~","2005-07-15"
"180","客户就是上帝？","2005-07-14"
"179","昨天学“活雷峰”刘光建去啦～","2005-07-13"
"178","设计类blog大集合和Flash Player 8 beta~","2005-07-12"
"177","欢迎加入 Flickr's Groups:网页截图~","2005-07-10"
"175","《05年中国5城市互联网使用现状及影响调查报告》","2005-07-08"
"174","悼念黄昆先生","2005-07-08"
"173","QQ也是垃圾(to  lanfeng519 的回复)","2005-07-07"
"172","大三完结篇~","2005-07-07"
"171","找到了过去的影子！","2005-07-05"
"170","有趣的Feed地理位置功能(Geotag)","2005-07-04"
"169","中文blog大型摸底调查","2005-07-01"
"168","我也想写XX日记了~","2005-06-30"
"167","俺又有个RSS永久地址啦~","2005-06-29"
"166","我的普鲁斯特问卷","2005-06-24"
"165","Dreamweaver 8 开始进入国际测试","2005-06-23"
"164","我的MBTI职业倾向测验","2005-06-21"
"163","加入了一个比较强的音乐播放器了~可以歌词与歌曲同步哦~","2005-06-21"
"162","修正日文字符导致搜索失败的问题了","2005-06-19"
"159","开始玩Q宠了，看来又中TENCENT的招了~","2005-06-16"
"158","我把学生教跑了~","2005-06-14"
"157","玩了下比较知名网站的是否备案查询~","2005-06-12"
"155","真对不起大家啊，这几天不能访问~","2005-06-12"
"154","关于电脑上的信息管理~","2005-06-10"
"153","预订哦~《软件观念革命——交互设计精髓》《情感化设计》","2005-06-09"
"152","给百度的建议有回应了,呵呵~","2005-06-09"
"150","Photoshop&CG卡通设计：Lan's插画本","2005-06-09"
"148","快分手啦~","2005-06-07"
"147","前几天想到一个好点子,记一下,关于百度的,呵~","2005-06-05"
"146","中国POP艺术网","2005-06-05"
"145","卡卡~人生进入了一个奇妙的境界啦~","2005-05-29"
"144","BLOG加入即时换肤功能啦~","2005-05-28"
"143","关于handmade又想到的~","2005-05-27"
"142","关爱生命，关爱健康！","2005-05-24"
"141","bloglines.com最新加了Weather服务","2005-05-20"
"140","UI不等于人机交互设计","2005-05-17"
"139","小结","2005-05-15"
"138","旧贴重发，温故而知新","2005-05-10"
"137","记念：1945年5月8日欧洲反法西斯战争胜利结束60周年","2005-05-09"
"136","五一期间生活小结","2005-05-09"
"135","彩秀免费WAP个站服务","2005-05-06"
"134","基于XML相关技术的互联网站格局","2005-05-02"
"133","信息是什么？","2005-05-01"
"132","我看胡连会唔","2005-04-30"
"131","虚拟社区的社会化","2005-04-29"
"129","从经典论坛的“自恋”现象说起","2005-04-27"
"128","关于我写的东东的一点声明","2005-04-27"
"127","交互设计相关心理学知识网站","2005-04-25"
"126","浅谈人机交互设计与网页设计","2005-04-25"
"125","s5你最棒了！加油！坚持！","2005-04-25"
"124","开始研究人机交互设计与网页设计","2005-04-24"
"122","我做的LBS^2 Skin 紫醉金迷","2005-04-22"
"121","十几亿人忽然失去信仰是极其危险的","2005-04-21"
"120","设计分类之我见","2005-04-20"
"119","学到一个新理论：长尾理论","2005-04-20"
"118","“物理照耀世界”中国区 光束信号","2005-04-20"
"117","网页设计的出路？","2005-04-20"
"116","4月18日“物理照耀世界”","2005-04-17"
"115","我国前教育副部长、院士、大学校长韦钰的BLOG","2005-04-17"
"113","未来的网页、工具、狂想之（续）","2005-04-16"
"112","未来的网页、工具、狂想之","2005-04-15"
"111","实际年龄与心理年龄的测试","2005-04-13"
"110","离4月15日没几天啦~","2005-04-10"
"109","蓝色理想会员叫喊功能测试","2005-04-09"
"108","Q-zone果然垃圾！","2005-04-09"
"107","NWP E-ZINE No.02","2005-04-08"
"105","Flash MX 2004 ActionScript 2.0与RIA应用程序开发","2005-04-04"
"66","《孔雀》","2005-04-04"
"104","最近比较忙了~离开一段时间~","2005-04-04"
"103","终于找到QQ2005 Beta1抄袭Skype安装协议的证据了~","2005-04-03"
"102","无题","2005-04-01"
"101","做好失败的准备！有感YAHOO！360°","2005-04-01"
"100","会发抖的字体","2005-04-01"
"99","NWP E-ZINE No.02 will publish on next week!","2005-04-01"
"98","Links栏终于来了一些大清洗~","2005-03-31"
"97","人生冲冲[匆匆]...","2005-03-31"
"96","想去赚GOOGLE的钱，结果失败了~","2005-03-30"
"95","很快使感冒或头痛不再继续恶化，仅供参考！","2005-03-30"
"94","高速挂QQ升级！3分种=1小时！","2005-03-29"
"93","就校园BBS被整肃致公开信，您可以签名表示立场！","2005-03-28"
"92","用FeedBurner完美你的RSS","2005-03-28"
"91","Cheating-Death 4.29.0","2005-03-27"
"90","东拉西扯：信息过载[转自keso's blog]","2005-03-27"
"89","推荐一个国产的音频播放软件：千千静听","2005-03-27"
"88","又发现一家在线RSS阅读网站:博阅网","2005-03-27"
"87","通过备案了，哈哈","2005-03-26"
"86","toPim建立开发BLOG","2005-03-26"
"85","记录一下，HOHO~","2005-03-25"
"84","域名分析网站","2005-03-25"
"83","注册了一个国际域名：s5s5.me","2005-03-25"
"82","为了水木清华bbs而下跪的学生","2005-03-24"
"81","要做就一定要做彻底","2005-03-23"
"80","叫人心寒的几个社会现象","2005-03-23"
"78","到9月1日就关站！","2005-03-22"
"77","《魔兽争霸3冰封王座》秘技","2005-03-21"
"76","如何把Bloglines里的定阅导到Topim里","2005-03-20"
"75","备案失败了。。。","2005-03-20"
"74","信息产业部向百度搜索引擎提供电子备案证书有效性检查接口","2005-03-19"
"73","在线配色网站","2005-03-18"
"72","The Animator's Survival Kit","2005-03-17"
"71","备案表","2005-03-17"
"70","GoogleX","2005-03-17"
"69","Disney卡通明星的头像","2005-03-17"
"68","盛大的目标","2005-03-15"
"67","白色情人节快乐","2005-03-15"
"36","共享我定阅的RSS","2005-03-13"
"65","我写的柳体字","2005-03-10"
"64","Bloglines已经定阅了100个feeds了","2005-03-09"
"63","开始慢慢地改BLOG了","2005-03-09"
"62","如何正确使用心理测验？","2005-03-08"
"61","祝广大三八妇女节日快乐！","2005-03-08"
"60","LBS^2 测试版发布","2005-03-06"
"59","爱情三元素","2005-03-05"
"58","在线CSS编辑器 - List-u-Like CSS Generator","2005-03-04"
"57","还是Bloglines好用一些","2005-03-04"
"55","广告：来参与 Dlog3 的开发吧！","2005-03-01"
"53","记录几个网址","2005-02-28"
"52","保护你的身份证","2005-02-25"
"51","Dlog3 再现江湖！","2005-02-21"
"50","情人节快乐！","2005-02-12"
"49","[儿歌]过大年","2005-02-12"
"48","放假回家去了~","2005-01-26"
"47","GOOGLE BLOG的RSS不标准","2005-01-20"
"45","入住VeryCD.com 分享互联网社区","2005-01-18"
"44","一篇短信","2005-01-18"
"43","KOF'97所有连技","2005-01-16"
"42","学接吻的快下载啊！","2005-01-16"
"41","KOF'97 连招录像","2005-01-16"
"40","GOOGLE推出新的服务器专用搜索 Google Mini","2005-01-15"
"38","你的QQ为了谁而亮?","2005-01-10"
"37","【童话故事图书】大盗贼－(德)中译本 PDF格式 8MB","2005-01-09"
"35","toPim -- “在线”RSS阅读器","2005-01-07"
"34","博览","2005-01-06"
"28","迎接新年，ExoBUD⑩ MP(II) v4.5 Plus","2005-01-04"
"33","51299.COM又回来了","2005-01-04"
"32","竞没有人要GMAIL，气死我了！","2005-01-04"
"31","〈功夫〉台词","2005-01-04"
"30","《天下无贼》台词精华完整版","2005-01-04"
"29","Google 发现的十大真理","2005-01-04"
"27","迎接新年，送GMAIL，有六个啊","2005-01-01"
"26","HTML嵌入页面","2005-01-01"
"25","Hotmail 2M 升级为 25M 的方法","2004-12-30"
"24","又在网上购书成功了","2004-12-29"
"23","真正爱你的男孩","2004-12-29"
"22","真正爱你的女孩","2004-12-27"
"21","好好的FLASH：我的MM","2004-12-27"
"20","笑死我了。。。","2004-12-27"
"18","RSS 2005","2004-12-23"
"17","雪","2004-12-23"
"16","收集港台地区新闻 RSS，有的朋友留一下啊","2004-12-21"
"15","又快过年了。。","2004-12-21"
"14","离家的人最有出息","2004-12-20"
"13","新做的2个BANNER","2004-12-20"
"12","我改了几版BLOG","2004-12-20"
"11","一个CSS圆角区块容器生成器","2004-12-19"
"10","未来10年内我要学习的东东和要买的东东","2004-12-19"
"9","检讨书","2004-12-19"
"8","暑假狂想","2004-12-19"
"7","怪谈网页设计","2004-12-19"
"6","7月29日","2004-12-19"
"5","新的BLOG又开始了","2004-12-19"
"773","关于这个BLOG的一点说明","2004-12-18"
"772","Relen.com v.2004","2004-12-13"
"771","英语四六过级的经验","2004-12-01"
"770","W3C上的中文页面","2004-11-28"
"769","图标店 > 图标主题站","2004-11-13"
"768","为了海盗，狂刷分中。。。","2004-11-02"
"767","泡泡堂的各种指令","2004-10-18"
"766","120医学经典","2004-10-13"
"765","特别提示：火车加速后，不要坐在靠窗位置！","2004-10-04"
"764","色彩，网站风格之魂[from xinboard.net]","2004-09-25"
"763","www.@1981.com","2004-09-20"
"762","{ Z-Z-Z 专题网络设计月刊 }","2004-09-16"
"761","[原创]层的有关属性","2004-09-11"
"760","[原创]层的简单使用","2004-08-24"
"759","［原创］网络游戏","2004-08-18"
"757","［原创］层的概念","2004-08-18"
"758","开版有益","2004-08-17"
"756","有关这次改版","2004-07-18"
"755","写在改版之际。。。","2004-07-13"
"754","在綫RPG FLASH 遊戲網站，國人製作","2004-07-11"
"753","内容改版計劃","2004-07-04"
"752","dlog破废墟修改版 v1.2","2004-06-24"
"751","蓝色大哥真好啊！","2004-06-23"
"750","MSDN中国 正式发布了！","2004-06-11"
"749","MSN怎么用绘画代替聊天","2004-06-02"
"748","有关Blog的优化","2004-05-22"
"747","[搞笑]几个网上流行的经典马屁回帖","2004-05-20"
"746","李铁的网站    cool","2004-05-19"
"745","可以在线浏览WAP网站的网站","2004-05-05"
"744","今天GOOGLE了一下s5s5，结果。。。","2004-04-25"
"743","::哇靠像素::","2004-04-18"
"742","GOOGLE的图标","2004-04-13"
"741","MSN中文专业站","2004-04-10"
"740","推荐两个网站~","2004-03-09"
"739","[谣言]本站已买下SOHU、163、SINA等域名~","2004-03-05"
"738","壹玖捌肆","2004-03-03"
"737","DreamWeaver MX-UltraDev中文资讯网站","2004-03-02"
"736","COCOON Studio 2003. 技术论坛","2004-02-29"
"735","网页色彩的搭配","2004-02-21"
"734","我就是s5s5","2004-02-16"
"733","。。。粉红 。。。沉默更好 --痕迹--","2004-02-15"
"732","又找到一个好站站","2004-01-22"
"730","国内优秀动漫站~~~","2004-01-18"
"731","设计网站65条原则[转自foxsdesign.com]","2004-01-17"
"729","视频教学制作 Camtasia Studio","2004-01-11"
"727","国外网站设计入门网站大观[转]","2003-12-10"
"726","开始修炼“像素画”~~~","2003-12-07"
"725","梦中梦  [同学的作品]","2003-12-03"
"724","怎么让ＱＱ的头象变空白！","2003-11-23"
"723","金庸笔下武功最强的十人[转]","2003-11-19"
"722","QQ秀的贴法～ :(","2003-11-13"
"721","狂狂喜！神舟五号成功发射升空~~~","2003-11-04"
"720","一个搜索高守和一个MM在OICQ~~~","2003-10-26"
"719","金庸小说人物卜~","2003-10-17"
"718","XML相关教程~","2003-10-11"
"717","发现一个DW MX的BUG，狂晕~~~~","2003-10-02"
"716","特殊字符、常规符号及其代码对照表","2003-09-22"
"713","[原创Fireworks教程]中国印章","2003-09-20"
"715","大家来玩GBA啊，卡卡~","2003-09-11"
"714","活活~~~找到三个厉害的站，不过不PP","2003-09-07"
"712","找到好康了~~~~","2003-08-18"
"711","我常去的网站","2003-08-17"
"710","关于背景音乐播放器","2003-08-11"
"708","Seven Studio Website","2003-07-08"
"707","用RSS来整合内容以满足不同的需要","2003-06-07"
"706","几个MM和GG的站，还有一些ICON站~~~","2003-06-06"
"705","两个技术类个人网站","2003-06-02"
"703","Blueidea版主lexrus的站","2003-05-25"
"702","Flash高手Danger的站","2003-05-21"
"701","小雨的网站 DHTML制造","2003-05-19"




